refYear,refMonth,reporterISO,reporterDesc,flowCode,flowDesc,partnerISO,partnerDesc,partner2ISO,partner2Desc,cmdCode,cmdDesc,customsDesc,motDesc,qtyUnitAbbr,qty,altQtyUnitAbbr,altQty,netWgt,grossWgt,cifvalue,fobvalue,primaryValue,date
2021,5,ZMB,Zambia,X,Export,USA,USA,W00,World,7108,"Gold (including gold plated with platinum) unwrought or in semi-manufactured forms, or in powder form",TOTAL CPC,TOTAL MOT,kg,0.001,g,1.0,0.8,0,0.0,359.501,359.501,2021-05-01
2021,5,ZMB,Zambia,X,Export,USA,USA,W00,World,710812,"Metals; gold, non-monetary, unwrought (but not powder)",TOTAL CPC,TOTAL MOT,kg,0.001,g,1.0,0.8,0,0.0,359.501,359.501,2021-05-01
2021,6,ZMB,Zambia,X,Export,USA,USA,W00,World,7108,"Gold (including gold plated with platinum) unwrought or in semi-manufactured forms, or in powder form",TOTAL CPC,TOTAL MOT,kg,0.001,g,1.0,0.27,0,0.0,2384.328,2384.328,2021-06-01
2021,6,ZMB,Zambia,X,Export,USA,USA,W00,World,710812,"Metals; gold, non-monetary, unwrought (but not powder)",TOTAL CPC,TOTAL MOT,kg,0.001,g,1.0,0.27,0,0.0,2384.328,2384.328,2021-06-01
2013,1,ZMB,Zambia,X,Export,ZAF,South Africa,W00,World,710813,"Metals; gold, semi-manufactured",TOTAL CPC,TOTAL MOT,kg,301.621,g,0.0,301.621,0,0.0,12201944.39,12201944.39,2013-01-01
2013,2,ZMB,Zambia,X,Export,ZAF,South Africa,W00,World,710813,"Metals; gold, semi-manufactured",TOTAL CPC,TOTAL MOT,kg,267.303,g,0.0,267.303,0,0.0,10813645.7,10813645.7,2013-02-01
2013,3,ZMB,Zambia,X,Export,ZAF,South Africa,W00,World,710813,"Metals; gold, semi-manufactured",TOTAL CPC,TOTAL MOT,kg,269.911,g,0.0,269.911,0,0.0,10919151.16,10919151.16,2013-03-01
2013,4,ZMB,Zambia,X,Export,ZAF,South Africa,W00,World,710813,"Metals; gold, semi-manufactured",TOTAL CPC,TOTAL MOT,kg,301.339,g,0.0,301.339,0,0.0,12190540.76,12190540.76,2013-04-01
2013,5,ZMB,Zambia,X,Export,ZAF,South Africa,W00,World,710813,"Metals; gold, semi-manufactured",TOTAL CPC,TOTAL MOT,kg,332.502,g,0.0,332.502,0,0.0,13451209.91,13451209.91,2013-05-01
2013,6,ZMB,Zambia,X,Export,ZAF,South Africa,W00,World,710813,"Metals; gold, semi-manufactured",TOTAL CPC,TOTAL MOT,kg,268.036,g,0.0,268.036,0,0.0,10843267.27,10843267.27,2013-06-01
2013,7,ZMB,Zambia,X,Export,ZAF,South Africa,W00,World,710813,"Metals; gold, semi-manufactured",TOTAL CPC,TOTAL MOT,kg,953.556,g,0.0,953.556,0,0.0,38575694.2,38575694.2,2013-07-01
2013,8,ZMB,Zambia,X,Export,ZAF,South Africa,W00,World,710813,"Metals; gold, semi-manufactured",TOTAL CPC,TOTAL MOT,kg,264.64,g,0.0,264.64,0,0.0,10705902.4,10705902.4,2013-08-01
2013,9,ZMB,Zambia,X,Export,ZAF,South Africa,W00,World,710813,"Metals; gold, semi-manufactured",TOTAL CPC,TOTAL MOT,kg,230.357,g,0.0,230.357,0,0.0,9318977.04,9318977.04,2013-09-01
2013,10,ZMB,Zambia,X,Export,ZAF,South Africa,W00,World,710813,"Metals; gold, semi-manufactured",TOTAL CPC,TOTAL MOT,kg,337.356,g,0.0,337.356,0,0.0,13647611.24,13647611.24,2013-10-01
2013,11,ZMB,Zambia,X,Export,ZAF,South Africa,W00,World,710813,"Metals; gold, semi-manufactured",TOTAL CPC,TOTAL MOT,kg,275.852,g,0.0,275.852,0,0.0,11159497.39,11159497.39,2013-11-01
2013,12,ZMB,Zambia,X,Export,ZAF,South Africa,W00,World,710813,"Metals; gold, semi-manufactured",TOTAL CPC,TOTAL MOT,kg,216.9,g,0.0,216.9,0,0.0,8774605.013,8774605.013,2013-12-01
2017,7,ZMB,Zambia,X,Export,ZAF,South Africa,W00,World,710813,"Metals; gold, semi-manufactured",TOTAL CPC,TOTAL MOT,kg,185.619,g,0.0,185.619,0,0.0,6999183.249,6999183.249,2017-07-01
2022,2,ZMB,Zambia,X,Export,ZAF,South Africa,W00,World,7108,"Gold (including gold plated with platinum) unwrought or in semi-manufactured forms, or in powder form",TOTAL CPC,TOTAL MOT,kg,79.76,kg,79.76,79.76,0,0.0,4985711.212,4985711.212,2022-02-01
2022,2,ZMB,Zambia,X,Export,ZAF,South Africa,W00,World,710813,"Metals; gold, semi-manufactured",TOTAL CPC,TOTAL MOT,kg,79.76,kg,79.76,79.76,0,0.0,4985711.212,4985711.212,2022-02-01
2022,3,ZMB,Zambia,X,Export,ZAF,South Africa,W00,World,710813,"Metals; gold, semi-manufactured",TOTAL CPC,TOTAL MOT,kg,106.83,kg,106.83,106.83,0,0.0,6614247.23,6614247.23,2022-03-01
2013,8,ZWE,Zimbabwe,X,Export,ZAF,South Africa,W00,World,710813,"Metals; gold, semi-manufactured",TOTAL CPC,TOTAL MOT,kg,1228.0,kg,1228.0,1228.0,0,0.0,48905805.03,48905805.03,2013-08-01
2013,9,ZWE,Zimbabwe,X,Export,ZAF,South Africa,W00,World,7108,"Gold (including gold plated with platinum) unwrought or in semi-manufactured forms, or in powder form",TOTAL CPC,TOTAL MOT,kg,846.0,kg,846.0,846.0,0,0.0,36788694.31,36788694.31,2013-09-01
2013,9,ZWE,Zimbabwe,X,Export,ZAF,South Africa,W00,World,710813,"Metals; gold, semi-manufactured",TOTAL CPC,TOTAL MOT,kg,846.0,kg,846.0,846.0,0,0.0,36788694.31,36788694.31,2013-09-01
2013,10,ZWE,Zimbabwe,X,Export,ZAF,South Africa,W00,World,7108,"Gold (including gold plated with platinum) unwrought or in semi-manufactured forms, or in powder form",TOTAL CPC,TOTAL MOT,kg,1067.0,kg,1067.0,1067.0,0,0.0,44132243.28,44132243.28,2013-10-01
2013,10,ZWE,Zimbabwe,X,Export,ZAF,South Africa,W00,World,710813,"Metals; gold, semi-manufactured",TOTAL CPC,TOTAL MOT,kg,1067.0,kg,1067.0,1067.0,0,0.0,44132243.28,44132243.28,2013-10-01
2013,11,ZWE,Zimbabwe,X,Export,ZAF,South Africa,W00,World,7108,"Gold (including gold plated with platinum) unwrought or in semi-manufactured forms, or in powder form",TOTAL CPC,TOTAL MOT,kg,906.0,kg,906.0,906.0,0,0.0,37546728.07,37546728.07,2013-11-01
2013,11,ZWE,Zimbabwe,X,Export,ZAF,South Africa,W00,World,710813,"Metals; gold, semi-manufactured",TOTAL CPC,TOTAL MOT,kg,906.0,kg,906.0,906.0,0,0.0,37546728.07,37546728.07,2013-11-01
2013,12,ZWE,Zimbabwe,X,Export,ZAF,South Africa,W00,World,7108,"Gold (including gold plated with platinum) unwrought or in semi-manufactured forms, or in powder form",TOTAL CPC,TOTAL MOT,kg,873.0,kg,873.0,873.0,0,0.0,34444205.48,34444205.48,2013-12-01
2013,12,ZWE,Zimbabwe,X,Export,ZAF,South Africa,W00,World,710813,"Metals; gold, semi-manufactured",TOTAL CPC,TOTAL MOT,kg,873.0,kg,873.0,873.0,0,0.0,34444205.48,34444205.48,2013-12-01
2013,3,ZWE,Zimbabwe,X,Export,ZAF,South Africa,W00,World,7108,"Gold (including gold plated with platinum) unwrought or in semi-manufactured forms, or in powder form",TOTAL CPC,TOTAL MOT,kg,1294.0,kg,1294.0,1294.0,0,0.0,48965099.41,48965099.41,2013-03-01
2013,3,ZWE,Zimbabwe,X,Export,ZAF,South Africa,W00,World,710813,"Metals; gold, semi-manufactured",TOTAL CPC,TOTAL MOT,kg,1294.0,kg,1294.0,1294.0,0,0.0,48965099.41,48965099.41,2013-03-01
2013,4,ZWE,Zimbabwe,X,Export,ZAF,South Africa,W00,World,7108,"Gold (including gold plated with platinum) unwrought or in semi-manufactured forms, or in powder form",TOTAL CPC,TOTAL MOT,kg,1156.0,kg,1156.0,1156.0,0,0.0,40572532.64,40572532.64,2013-04-01
2013,4,ZWE,Zimbabwe,X,Export,ZAF,South Africa,W00,World,710813,"Metals; gold, semi-manufactured",TOTAL CPC,TOTAL MOT,kg,1156.0,kg,1156.0,1156.0,0,0.0,40572532.64,40572532.64,2013-04-01
2013,5,ZWE,Zimbabwe,X,Export,ZAF,South Africa,W00,World,710813,"Metals; gold, semi-manufactured",TOTAL CPC,TOTAL MOT,kg,1587.0,kg,1587.0,1587.0,0,0.0,53429976.49,53429976.49,2013-05-01
2013,6,ZWE,Zimbabwe,X,Export,ZAF,South Africa,W00,World,710813,"Metals; gold, semi-manufactured",TOTAL CPC,TOTAL MOT,kg,1009.0,kg,1009.0,1009.0,0,0.0,32663878.04,32663878.04,2013-06-01
2013,7,ZWE,Zimbabwe,X,Export,ZAF,South Africa,W00,World,710813,"Metals; gold, semi-manufactured",TOTAL CPC,TOTAL MOT,kg,1166.0,kg,1166.0,1166.0,0,0.0,35414344.89,35414344.89,2013-07-01
2013,1,ZWE,Zimbabwe,X,Export,ZAF,South Africa,W00,World,7108,"Gold (including gold plated with platinum) unwrought or in semi-manufactured forms, or in powder form",TOTAL CPC,TOTAL MOT,kg,1137.0,kg,1137.0,1137.0,0,0.0,44140868.82,44140868.82,2013-01-01
2013,1,ZWE,Zimbabwe,X,Export,ZAF,South Africa,W00,World,710813,"Metals; gold, semi-manufactured",TOTAL CPC,TOTAL MOT,kg,1137.0,kg,1137.0,1137.0,0,0.0,44140868.82,44140868.82,2013-01-01
2013,2,ZWE,Zimbabwe,X,Export,ZAF,South Africa,W00,World,710813,"Metals; gold, semi-manufactured",TOTAL CPC,TOTAL MOT,kg,1106.0,kg,1106.0,1106.0,0,0.0,43605051.86,43605051.86,2013-02-01
2014,1,ZWE,Zimbabwe,X,Export,ZAF,South Africa,W00,World,7108,"Gold (including gold plated with platinum) unwrought or in semi-manufactured forms, or in powder form",TOTAL CPC,TOTAL MOT,kg,1026.0,kg,1026.0,1026.0,0,0.0,41015964.43,41015964.43,2014-01-01
2014,1,ZWE,Zimbabwe,X,Export,ZAF,South Africa,W00,World,710813,"Metals; gold, semi-manufactured",TOTAL CPC,TOTAL MOT,kg,1026.0,kg,1026.0,1026.0,0,0.0,41015964.43,41015964.43,2014-01-01
2014,2,ZWE,Zimbabwe,X,Export,ZAF,South Africa,W00,World,7108,"Gold (including gold plated with platinum) unwrought or in semi-manufactured forms, or in powder form",TOTAL CPC,TOTAL MOT,kg,952.0,kg,952.0,952.0,0,0.0,39738900.72,39738900.72,2014-02-01
2014,2,ZWE,Zimbabwe,X,Export,ZAF,South Africa,W00,World,710813,"Metals; gold, semi-manufactured",TOTAL CPC,TOTAL MOT,kg,952.0,kg,952.0,952.0,0,0.0,39738900.72,39738900.72,2014-02-01
2014,3,ZWE,Zimbabwe,X,Export,ZAF,South Africa,W00,World,7108,"Gold (including gold plated with platinum) unwrought or in semi-manufactured forms, or in powder form",TOTAL CPC,TOTAL MOT,kg,920.0,kg,920.0,920.0,0,0.0,39722839.28,39722839.28,2014-03-01
2014,3,ZWE,Zimbabwe,X,Export,ZAF,South Africa,W00,World,710813,"Metals; gold, semi-manufactured",TOTAL CPC,TOTAL MOT,kg,920.0,kg,920.0,920.0,0,0.0,39722839.28,39722839.28,2014-03-01
2014,4,ZWE,Zimbabwe,X,Export,ZAF,South Africa,W00,World,7108,"Gold (including gold plated with platinum) unwrought or in semi-manufactured forms, or in powder form",TOTAL CPC,TOTAL MOT,kg,1165.0,kg,1165.0,1165.0,0,0.0,50696011.4,50696011.4,2014-04-01
2014,4,ZWE,Zimbabwe,X,Export,ZAF,South Africa,W00,World,710813,"Metals; gold, semi-manufactured",TOTAL CPC,TOTAL MOT,kg,1165.0,kg,1165.0,1165.0,0,0.0,50696011.4,50696011.4,2014-04-01
2014,6,ZWE,Zimbabwe,X,Export,ZAF,South Africa,W00,World,7108,"Gold (including gold plated with platinum) unwrought or in semi-manufactured forms, or in powder form",TOTAL CPC,TOTAL MOT,kg,929.13,kg,929.13,929.13,0,0.0,37955291.19,37955291.19,2014-06-01
2014,6,ZWE,Zimbabwe,X,Export,ZAF,South Africa,W00,World,710812,"Metals; gold, non-monetary, unwrought (but not powder)",TOTAL CPC,TOTAL MOT,kg,9.13,kg,9.13,9.13,0,0.0,370271.85,370271.85,2014-06-01
2014,6,ZWE,Zimbabwe,X,Export,ZAF,South Africa,W00,World,710813,"Metals; gold, semi-manufactured",TOTAL CPC,TOTAL MOT,kg,920.0,kg,920.0,920.0,0,0.0,37585019.34,37585019.34,2014-06-01
2014,7,ZWE,Zimbabwe,X,Export,ZAF,South Africa,W00,World,7108,"Gold (including gold plated with platinum) unwrought or in semi-manufactured forms, or in powder form",TOTAL CPC,TOTAL MOT,kg,1391.63,kg,1391.63,1391.63,0,0.0,58769318.72,58769318.72,2014-07-01
2014,7,ZWE,Zimbabwe,X,Export,ZAF,South Africa,W00,World,710813,"Metals; gold, semi-manufactured",TOTAL CPC,TOTAL MOT,kg,1391.63,kg,1391.63,1391.63,0,0.0,58769318.72,58769318.72,2014-07-01
2014,8,ZWE,Zimbabwe,X,Export,ZAF,South Africa,W00,World,7108,"Gold (including gold plated with platinum) unwrought or in semi-manufactured forms, or in powder form",TOTAL CPC,TOTAL MOT,kg,1189.6,kg,1189.6,1189.6,0,0.0,48520286.3,48520286.3,2014-08-01
2014,8,ZWE,Zimbabwe,X,Export,ZAF,South Africa,W00,World,710813,"Metals; gold, semi-manufactured",TOTAL CPC,TOTAL MOT,kg,1189.6,kg,1189.6,1189.6,0,0.0,48520286.3,48520286.3,2014-08-01
2014,9,ZWE,Zimbabwe,X,Export,ZAF,South Africa,W00,World,7108,"Gold (including gold plated with platinum) unwrought or in semi-manufactured forms, or in powder form",TOTAL CPC,TOTAL MOT,kg,863.42,kg,863.42,863.42,0,0.0,34734436.2,34734436.2,2014-09-01
2014,9,ZWE,Zimbabwe,X,Export,ZAF,South Africa,W00,World,710813,"Metals; gold, semi-manufactured",TOTAL CPC,TOTAL MOT,kg,863.42,kg,863.42,863.42,0,0.0,34734436.2,34734436.2,2014-09-01
2014,10,ZWE,Zimbabwe,X,Export,ZAF,South Africa,W00,World,7108,"Gold (including gold plated with platinum) unwrought or in semi-manufactured forms, or in powder form",TOTAL CPC,TOTAL MOT,kg,1502.75,kg,1502.75,1502.75,0,0.0,59319374.86,59319374.86,2014-10-01
2014,10,ZWE,Zimbabwe,X,Export,ZAF,South Africa,W00,World,710813,"Metals; gold, semi-manufactured",TOTAL CPC,TOTAL MOT,kg,1502.75,kg,1502.75,1502.75,0,0.0,59319374.86,59319374.86,2014-10-01
2014,11,ZWE,Zimbabwe,X,Export,ZAF,South Africa,W00,World,7108,"Gold (including gold plated with platinum) unwrought or in semi-manufactured forms, or in powder form",TOTAL CPC,TOTAL MOT,kg,1206.29,kg,1206.29,1206.29,0,0.0,45692132.14,45692132.14,2014-11-01
2014,11,ZWE,Zimbabwe,X,Export,ZAF,South Africa,W00,World,710813,"Metals; gold, semi-manufactured",TOTAL CPC,TOTAL MOT,kg,1206.29,kg,1206.29,1206.29,0,0.0,45692132.14,45692132.14,2014-11-01
2014,12,ZWE,Zimbabwe,X,Export,ZAF,South Africa,W00,World,7108,"Gold (including gold plated with platinum) unwrought or in semi-manufactured forms, or in powder form",TOTAL CPC,TOTAL MOT,kg,965.62,kg,965.62,965.62,0,0.0,36824656.18,36824656.18,2014-12-01
2014,12,ZWE,Zimbabwe,X,Export,ZAF,South Africa,W00,World,710813,"Metals; gold, semi-manufactured",TOTAL CPC,TOTAL MOT,kg,965.62,kg,965.62,965.62,0,0.0,36824656.18,36824656.18,2014-12-01
2015,1,ZWE,Zimbabwe,X,Export,ZAF,South Africa,W00,World,7108,"Gold (including gold plated with platinum) unwrought or in semi-manufactured forms, or in powder form",TOTAL CPC,TOTAL MOT,kg,1075.53,kg,1075.53,1075.53,0,0.0,43097804.2,43097804.2,2015-01-01
2015,1,ZWE,Zimbabwe,X,Export,ZAF,South Africa,W00,World,710813,"Metals; gold, semi-manufactured",TOTAL CPC,TOTAL MOT,kg,1075.53,kg,1075.53,1075.53,0,0.0,43097804.2,43097804.2,2015-01-01
2015,2,ZWE,Zimbabwe,X,Export,ZAF,South Africa,W00,World,7108,"Gold (including gold plated with platinum) unwrought or in semi-manufactured forms, or in powder form",TOTAL CPC,TOTAL MOT,kg,1168.72,kg,1168.72,1168.72,0,0.0,46040209.69,46040209.69,2015-02-01
2015,2,ZWE,Zimbabwe,X,Export,ZAF,South Africa,W00,World,710813,"Metals; gold, semi-manufactured",TOTAL CPC,TOTAL MOT,kg,1168.72,kg,1168.72,1168.72,0,0.0,46040209.69,46040209.69,2015-02-01
2015,3,ZWE,Zimbabwe,X,Export,ZAF,South Africa,W00,World,7108,"Gold (including gold plated with platinum) unwrought or in semi-manufactured forms, or in powder form",TOTAL CPC,TOTAL MOT,kg,1235.76,kg,1235.76,1235.76,0,0.0,46825665.79,46825665.79,2015-03-01
2015,3,ZWE,Zimbabwe,X,Export,ZAF,South Africa,W00,World,710813,"Metals; gold, semi-manufactured",TOTAL CPC,TOTAL MOT,kg,1235.76,kg,1235.76,1235.76,0,0.0,46825665.79,46825665.79,2015-03-01
2015,4,ZWE,Zimbabwe,X,Export,ZAF,South Africa,W00,World,7108,"Gold (including gold plated with platinum) unwrought or in semi-manufactured forms, or in powder form",TOTAL CPC,TOTAL MOT,kg,1642.24,kg,1642.24,1642.24,0,0.0,63069003.42,63069003.42,2015-04-01
2015,4,ZWE,Zimbabwe,X,Export,ZAF,South Africa,W00,World,710813,"Metals; gold, semi-manufactured",TOTAL CPC,TOTAL MOT,kg,1642.24,kg,1642.24,1642.24,0,0.0,63069003.42,63069003.42,2015-04-01
2015,5,ZWE,Zimbabwe,X,Export,ZAF,South Africa,W00,World,7108,"Gold (including gold plated with platinum) unwrought or in semi-manufactured forms, or in powder form",TOTAL CPC,TOTAL MOT,kg,1372.77,kg,1372.77,1372.77,0,0.0,52576752.83,52576752.83,2015-05-01
2015,5,ZWE,Zimbabwe,X,Export,ZAF,South Africa,W00,World,710813,"Metals; gold, semi-manufactured",TOTAL CPC,TOTAL MOT,kg,1372.77,kg,1372.77,1372.77,0,0.0,52576752.83,52576752.83,2015-05-01
2015,6,ZWE,Zimbabwe,X,Export,ZAF,South Africa,W00,World,7108,"Gold (including gold plated with platinum) unwrought or in semi-manufactured forms, or in powder form",TOTAL CPC,TOTAL MOT,kg,1415.99,kg,1415.99,1415.99,0,0.0,53757304.68,53757304.68,2015-06-01
2015,6,ZWE,Zimbabwe,X,Export,ZAF,South Africa,W00,World,710813,"Metals; gold, semi-manufactured",TOTAL CPC,TOTAL MOT,kg,1415.99,kg,1415.99,1415.99,0,0.0,53757304.68,53757304.68,2015-06-01
2015,7,ZWE,Zimbabwe,X,Export,ZAF,South Africa,W00,World,7108,"Gold (including gold plated with platinum) unwrought or in semi-manufactured forms, or in powder form",TOTAL CPC,TOTAL MOT,kg,1770.84,kg,1770.84,1770.84,0,0.0,64711661.94,64711661.94,2015-07-01
2015,7,ZWE,Zimbabwe,X,Export,ZAF,South Africa,W00,World,710813,"Metals; gold, semi-manufactured",TOTAL CPC,TOTAL MOT,kg,1770.84,kg,1770.84,1770.84,0,0.0,64711661.94,64711661.94,2015-07-01
2015,9,ZWE,Zimbabwe,X,Export,ZAF,South Africa,W00,World,7108,"Gold (including gold plated with platinum) unwrought or in semi-manufactured forms, or in powder form",TOTAL CPC,TOTAL MOT,kg,1902.09,kg,1902.09,1902.09,0,0.0,72235802.62,72235802.62,2015-09-01
2015,9,ZWE,Zimbabwe,X,Export,ZAF,South Africa,W00,World,710813,"Metals; gold, semi-manufactured",TOTAL CPC,TOTAL MOT,kg,1902.09,kg,1902.09,1902.09,0,0.0,72235802.62,72235802.62,2015-09-01
2015,10,ZWE,Zimbabwe,X,Export,ZAF,South Africa,W00,World,7108,"Gold (including gold plated with platinum) unwrought or in semi-manufactured forms, or in powder form",TOTAL CPC,TOTAL MOT,kg,1628.61,kg,1628.61,1628.61,0,0.0,60765613.26,60765613.26,2015-10-01
2015,10,ZWE,Zimbabwe,X,Export,ZAF,South Africa,W00,World,710813,"Metals; gold, semi-manufactured",TOTAL CPC,TOTAL MOT,kg,1628.61,kg,1628.61,1628.61,0,0.0,60765613.26,60765613.26,2015-10-01
2015,11,ZWE,Zimbabwe,X,Export,ZAF,South Africa,W00,World,7108,"Gold (including gold plated with platinum) unwrought or in semi-manufactured forms, or in powder form",TOTAL CPC,TOTAL MOT,kg,1592.57,kg,1592.57,1592.57,0,0.0,55811009.96,55811009.96,2015-11-01
2015,11,ZWE,Zimbabwe,X,Export,ZAF,South Africa,W00,World,710813,"Metals; gold, semi-manufactured",TOTAL CPC,TOTAL MOT,kg,1592.57,kg,1592.57,1592.57,0,0.0,55811009.96,55811009.96,2015-11-01
2015,12,ZWE,Zimbabwe,X,Export,ZAF,South Africa,W00,World,7108,"Gold (including gold plated with platinum) unwrought or in semi-manufactured forms, or in powder form",TOTAL CPC,TOTAL MOT,kg,2088.05,kg,2088.05,2088.05,0,0.0,71694415.71,71694415.71,2015-12-01
2015,12,ZWE,Zimbabwe,X,Export,ZAF,South Africa,W00,World,710813,"Metals; gold, semi-manufactured",TOTAL CPC,TOTAL MOT,kg,2088.05,kg,2088.05,2088.05,0,0.0,71694415.71,71694415.71,2015-12-01
2016,1,ZWE,Zimbabwe,X,Export,ZAF,South Africa,W00,World,7108,"Gold (including gold plated with platinum) unwrought or in semi-manufactured forms, or in powder form",TOTAL CPC,TOTAL MOT,kg,1412.26,kg,1412.26,1412.26,0,0.0,49441010.53,49441010.53,2016-01-01
2016,1,ZWE,Zimbabwe,X,Export,ZAF,South Africa,W00,World,710813,"Metals; gold, semi-manufactured",TOTAL CPC,TOTAL MOT,kg,1412.26,kg,1412.26,1412.26,0,0.0,49441010.53,49441010.53,2016-01-01
2016,2,ZWE,Zimbabwe,X,Export,ZAF,South Africa,W00,World,7108,"Gold (including gold plated with platinum) unwrought or in semi-manufactured forms, or in powder form",TOTAL CPC,TOTAL MOT,kg,1486.53,kg,1486.53,1486.53,0,0.0,56610032.73,56610032.73,2016-02-01
2016,2,ZWE,Zimbabwe,X,Export,ZAF,South Africa,W00,World,710813,"Metals; gold, semi-manufactured",TOTAL CPC,TOTAL MOT,kg,1486.53,kg,1486.53,1486.53,0,0.0,56610032.73,56610032.73,2016-02-01
2016,3,ZWE,Zimbabwe,X,Export,ZAF,South Africa,W00,World,7108,"Gold (including gold plated with platinum) unwrought or in semi-manufactured forms, or in powder form",TOTAL CPC,TOTAL MOT,kg,1776.18,kg,1776.18,1776.18,0,0.0,70815481.19,70815481.19,2016-03-01
2016,3,ZWE,Zimbabwe,X,Export,ZAF,South Africa,W00,World,710813,"Metals; gold, semi-manufactured",TOTAL CPC,TOTAL MOT,kg,1776.18,kg,1776.18,1776.18,0,0.0,70815481.19,70815481.19,2016-03-01
2016,4,ZWE,Zimbabwe,X,Export,ZAF,South Africa,W00,World,7108,"Gold (including gold plated with platinum) unwrought or in semi-manufactured forms, or in powder form",TOTAL CPC,TOTAL MOT,kg,1443.89,kg,1443.89,1443.89,0,0.0,57369914.35,57369914.35,2016-04-01
2016,4,ZWE,Zimbabwe,X,Export,ZAF,South Africa,W00,World,710813,"Metals; gold, semi-manufactured",TOTAL CPC,TOTAL MOT,kg,1443.89,kg,1443.89,1443.89,0,0.0,57369914.35,57369914.35,2016-04-01
2016,5,ZWE,Zimbabwe,X,Export,ZAF,South Africa,W00,World,7108,"Gold (including gold plated with platinum) unwrought or in semi-manufactured forms, or in powder form",TOTAL CPC,TOTAL MOT,kg,1510.82,kg,1510.82,1510.82,0,0.0,61289944.69,61289944.69,2016-05-01
2016,5,ZWE,Zimbabwe,X,Export,ZAF,South Africa,W00,World,710813,"Metals; gold, semi-manufactured",TOTAL CPC,TOTAL MOT,kg,1510.82,kg,1510.82,1510.82,0,0.0,61289944.69,61289944.69,2016-05-01
2016,6,ZWE,Zimbabwe,X,Export,ZAF,South Africa,W00,World,7108,"Gold (including gold plated with platinum) unwrought or in semi-manufactured forms, or in powder form",TOTAL CPC,TOTAL MOT,kg,1572.25,kg,1572.25,1572.25,0,0.0,63366066.3,63366066.3,2016-06-01
2016,6,ZWE,Zimbabwe,X,Export,ZAF,South Africa,W00,World,710813,"Metals; gold, semi-manufactured",TOTAL CPC,TOTAL MOT,kg,1572.25,kg,1572.25,1572.25,0,0.0,63366066.3,63366066.3,2016-06-01
2016,7,ZWE,Zimbabwe,X,Export,ZAF,South Africa,W00,World,7108,"Gold (including gold plated with platinum) unwrought or in semi-manufactured forms, or in powder form",TOTAL CPC,TOTAL MOT,kg,2065.93,kg,2065.93,2065.93,0,0.0,88338663.46,88338663.46,2016-07-01
2016,7,ZWE,Zimbabwe,X,Export,ZAF,South Africa,W00,World,710813,"Metals; gold, semi-manufactured",TOTAL CPC,TOTAL MOT,kg,2065.93,kg,2065.93,2065.93,0,0.0,88338663.46,88338663.46,2016-07-01
2016,8,ZWE,Zimbabwe,X,Export,ZAF,South Africa,W00,World,710813,"Metals; gold, semi-manufactured",TOTAL CPC,TOTAL MOT,kg,1267.98,kg,1267.98,1267.98,0,0.0,54658572.12,54658572.12,2016-08-01
2016,9,ZWE,Zimbabwe,X,Export,ZAF,South Africa,W00,World,7108,"Gold (including gold plated with platinum) unwrought or in semi-manufactured forms, or in powder form",TOTAL CPC,TOTAL MOT,kg,1991.5,kg,1991.5,1991.5,0,0.0,84786274.25,84786274.25,2016-09-01
2016,9,ZWE,Zimbabwe,X,Export,ZAF,South Africa,W00,World,710813,"Metals; gold, semi-manufactured",TOTAL CPC,TOTAL MOT,kg,1991.5,kg,1991.5,1991.5,0,0.0,84786274.25,84786274.25,2016-09-01
2016,10,ZWE,Zimbabwe,X,Export,ZAF,South Africa,W00,World,7108,"Gold (including gold plated with platinum) unwrought or in semi-manufactured forms, or in powder form",TOTAL CPC,TOTAL MOT,kg,1592.67,kg,1592.67,1592.67,0,0.0,65600783.79,65600783.79,2016-10-01
2016,10,ZWE,Zimbabwe,X,Export,ZAF,South Africa,W00,World,710813,"Metals; gold, semi-manufactured",TOTAL CPC,TOTAL MOT,kg,1592.67,kg,1592.67,1592.67,0,0.0,65600783.79,65600783.79,2016-10-01
2016,11,ZWE,Zimbabwe,X,Export,ZAF,South Africa,W00,World,7108,"Gold (including gold plated with platinum) unwrought or in semi-manufactured forms, or in powder form",TOTAL CPC,TOTAL MOT,kg,2439.77,kg,2439.77,2439.77,0,0.0,96968666.66,96968666.66,2016-11-01
2016,11,ZWE,Zimbabwe,X,Export,ZAF,South Africa,W00,World,710813,"Metals; gold, semi-manufactured",TOTAL CPC,TOTAL MOT,kg,2439.77,kg,2439.77,2439.77,0,0.0,96968666.66,96968666.66,2016-11-01
2016,12,ZWE,Zimbabwe,X,Export,ZAF,South Africa,W00,World,7108,"Gold (including gold plated with platinum) unwrought or in semi-manufactured forms, or in powder form",TOTAL CPC,TOTAL MOT,kg,1581.86,kg,1581.86,1581.86,0,0.0,58278686.16,58278686.16,2016-12-01
2016,12,ZWE,Zimbabwe,X,Export,ZAF,South Africa,W00,World,710813,"Metals; gold, semi-manufactured",TOTAL CPC,TOTAL MOT,kg,1581.86,kg,1581.86,1581.86,0,0.0,58278686.16,58278686.16,2016-12-01
2017,1,ZWE,Zimbabwe,X,Export,ZAF,South Africa,W00,World,7108,"Gold (including gold plated with platinum) unwrought or in semi-manufactured forms, or in powder form",TOTAL CPC,TOTAL MOT,kg,1351.71,kg,1351.71,1351.71,0,0.0,51389516.64,51389516.64,2017-01-01
2017,1,ZWE,Zimbabwe,X,Export,ZAF,South Africa,W00,World,710813,"Metals; gold, semi-manufactured",TOTAL CPC,TOTAL MOT,kg,1351.71,kg,1351.71,1351.71,0,0.0,51389516.64,51389516.64,2017-01-01
2017,2,ZWE,Zimbabwe,X,Export,ZAF,South Africa,W00,World,7108,"Gold (including gold plated with platinum) unwrought or in semi-manufactured forms, or in powder form",TOTAL CPC,TOTAL MOT,kg,1233.85,kg,1233.85,1233.85,0,0.0,48325988.51,48325988.51,2017-02-01
2017,2,ZWE,Zimbabwe,X,Export,ZAF,South Africa,W00,World,710813,"Metals; gold, semi-manufactured",TOTAL CPC,TOTAL MOT,kg,1233.85,kg,1233.85,1233.85,0,0.0,48325988.51,48325988.51,2017-02-01
2017,3,ZWE,Zimbabwe,X,Export,ZAF,South Africa,W00,World,7108,"Gold (including gold plated with platinum) unwrought or in semi-manufactured forms, or in powder form",TOTAL CPC,TOTAL MOT,kg,1576.3,kg,1576.3,1576.3,0,0.0,62477467.89,62477467.89,2017-03-01
2017,3,ZWE,Zimbabwe,X,Export,ZAF,South Africa,W00,World,710813,"Metals; gold, semi-manufactured",TOTAL CPC,TOTAL MOT,kg,1576.3,kg,1576.3,1576.3,0,0.0,62477467.89,62477467.89,2017-03-01
2017,4,ZWE,Zimbabwe,X,Export,ZAF,South Africa,W00,World,7108,"Gold (including gold plated with platinum) unwrought or in semi-manufactured forms, or in powder form",TOTAL CPC,TOTAL MOT,kg,1416.76,kg,1416.76,1416.76,0,0.0,57407741.78,57407741.78,2017-04-01
2017,4,ZWE,Zimbabwe,X,Export,ZAF,South Africa,W00,World,710813,"Metals; gold, semi-manufactured",TOTAL CPC,TOTAL MOT,kg,1416.76,kg,1416.76,1416.76,0,0.0,57407741.78,57407741.78,2017-04-01
2017,5,ZWE,Zimbabwe,X,Export,ZAF,South Africa,W00,World,7108,"Gold (including gold plated with platinum) unwrought or in semi-manufactured forms, or in powder form",TOTAL CPC,TOTAL MOT,kg,1781.58,kg,1781.58,1781.58,0,0.0,71380940.75,71380940.75,2017-05-01
2017,5,ZWE,Zimbabwe,X,Export,ZAF,South Africa,W00,World,710813,"Metals; gold, semi-manufactured",TOTAL CPC,TOTAL MOT,kg,1781.58,kg,1781.58,1781.58,0,0.0,71380940.75,71380940.75,2017-05-01
2017,6,ZWE,Zimbabwe,X,Export,ZAF,South Africa,W00,World,7108,"Gold (including gold plated with platinum) unwrought or in semi-manufactured forms, or in powder form",TOTAL CPC,TOTAL MOT,kg,1474.75,kg,1474.75,1474.75,0,0.0,59694399.6,59694399.6,2017-06-01
2017,6,ZWE,Zimbabwe,X,Export,ZAF,South Africa,W00,World,710813,"Metals; gold, semi-manufactured",TOTAL CPC,TOTAL MOT,kg,1474.75,kg,1474.75,1474.75,0,0.0,59694399.6,59694399.6,2017-06-01
2017,7,ZWE,Zimbabwe,X,Export,ZAF,South Africa,W00,World,710813,"Metals; gold, semi-manufactured",TOTAL CPC,TOTAL MOT,kg,1566.38,kg,1566.38,1566.38,0,0.0,61996246.67,61996246.67,2017-07-01
2017,8,ZWE,Zimbabwe,X,Export,ZAF,South Africa,W00,World,7108,"Gold (including gold plated with platinum) unwrought or in semi-manufactured forms, or in powder form",TOTAL CPC,TOTAL MOT,kg,1927.91,kg,1927.91,1927.91,0,0.0,78876992.4,78876992.4,2017-08-01
2017,8,ZWE,Zimbabwe,X,Export,ZAF,South Africa,W00,World,710813,"Metals; gold, semi-manufactured",TOTAL CPC,TOTAL MOT,kg,1927.91,kg,1927.91,1927.91,0,0.0,78876992.4,78876992.4,2017-08-01
2017,9,ZWE,Zimbabwe,X,Export,ZAF,South Africa,W00,World,7108,"Gold (including gold plated with platinum) unwrought or in semi-manufactured forms, or in powder form",TOTAL CPC,TOTAL MOT,kg,1429.3,kg,1429.3,1429.3,0,0.0,60461699.7,60461699.7,2017-09-01
2017,9,ZWE,Zimbabwe,X,Export,ZAF,South Africa,W00,World,710813,"Metals; gold, semi-manufactured",TOTAL CPC,TOTAL MOT,kg,1429.3,kg,1429.3,1429.3,0,0.0,60461699.7,60461699.7,2017-09-01
2017,10,ZWE,Zimbabwe,X,Export,ZAF,South Africa,W00,World,7108,"Gold (including gold plated with platinum) unwrought or in semi-manufactured forms, or in powder form",TOTAL CPC,TOTAL MOT,kg,1403.09,kg,1403.09,1403.09,0,0.0,57628650.11,57628650.11,2017-10-01
2017,10,ZWE,Zimbabwe,X,Export,ZAF,South Africa,W00,World,710813,"Metals; gold, semi-manufactured",TOTAL CPC,TOTAL MOT,kg,1403.09,kg,1403.09,1403.09,0,0.0,57628650.11,57628650.11,2017-10-01
2017,11,ZWE,Zimbabwe,X,Export,ZAF,South Africa,W00,World,7108,"Gold (including gold plated with platinum) unwrought or in semi-manufactured forms, or in powder form",TOTAL CPC,TOTAL MOT,kg,2002.83,kg,2002.83,2002.83,0,0.0,82331587.19,82331587.19,2017-11-01
2017,11,ZWE,Zimbabwe,X,Export,ZAF,South Africa,W00,World,710813,"Metals; gold, semi-manufactured",TOTAL CPC,TOTAL MOT,kg,2002.83,kg,2002.83,2002.83,0,0.0,82331587.19,82331587.19,2017-11-01
2018,2,ZWE,Zimbabwe,X,Export,ZAF,South Africa,W00,World,7108,"Gold (including gold plated with platinum) unwrought or in semi-manufactured forms, or in powder form",TOTAL CPC,TOTAL MOT,kg,1539.33,kg,1539.33,1539.33,0,0.0,65856898.71,65856898.71,2018-02-01
2018,2,ZWE,Zimbabwe,X,Export,ZAF,South Africa,W00,World,710813,"Metals; gold, semi-manufactured",TOTAL CPC,TOTAL MOT,kg,1539.33,kg,1539.33,1539.33,0,0.0,65856898.71,65856898.71,2018-02-01
2018,3,ZWE,Zimbabwe,X,Export,ZAF,South Africa,W00,World,7108,"Gold (including gold plated with platinum) unwrought or in semi-manufactured forms, or in powder form",TOTAL CPC,TOTAL MOT,kg,943.66,kg,943.66,943.66,0,0.0,39949319.25,39949319.25,2018-03-01
2018,3,ZWE,Zimbabwe,X,Export,ZAF,South Africa,W00,World,710813,"Metals; gold, semi-manufactured",TOTAL CPC,TOTAL MOT,kg,943.66,kg,943.66,943.66,0,0.0,39949319.25,39949319.25,2018-03-01
2018,4,ZWE,Zimbabwe,X,Export,ZAF,South Africa,W00,World,7108,"Gold (including gold plated with platinum) unwrought or in semi-manufactured forms, or in powder form",TOTAL CPC,TOTAL MOT,kg,1722.91,kg,1722.91,1722.91,0,0.0,73837612.88,73837612.88,2018-04-01
2018,4,ZWE,Zimbabwe,X,Export,ZAF,South Africa,W00,World,710813,"Metals; gold, semi-manufactured",TOTAL CPC,TOTAL MOT,kg,1722.91,kg,1722.91,1722.91,0,0.0,73837612.88,73837612.88,2018-04-01
2018,5,ZWE,Zimbabwe,X,Export,ZAF,South Africa,W00,World,7108,"Gold (including gold plated with platinum) unwrought or in semi-manufactured forms, or in powder form",TOTAL CPC,TOTAL MOT,kg,1052.93,kg,1052.93,1052.93,0,0.0,44111395.34,44111395.34,2018-05-01
2018,5,ZWE,Zimbabwe,X,Export,ZAF,South Africa,W00,World,710813,"Metals; gold, semi-manufactured",TOTAL CPC,TOTAL MOT,kg,1052.93,kg,1052.93,1052.93,0,0.0,44111395.34,44111395.34,2018-05-01
2018,6,ZWE,Zimbabwe,X,Export,ZAF,South Africa,W00,World,7108,"Gold (including gold plated with platinum) unwrought or in semi-manufactured forms, or in powder form",TOTAL CPC,TOTAL MOT,kg,1297.33,kg,1297.33,1297.33,0,0.0,53490213.75,53490213.75,2018-06-01
2018,6,ZWE,Zimbabwe,X,Export,ZAF,South Africa,W00,World,710813,"Metals; gold, semi-manufactured",TOTAL CPC,TOTAL MOT,kg,1297.33,kg,1297.33,1297.33,0,0.0,53490213.75,53490213.75,2018-06-01
2018,7,ZWE,Zimbabwe,X,Export,ZAF,South Africa,W00,World,7108,"Gold (including gold plated with platinum) unwrought or in semi-manufactured forms, or in powder form",TOTAL CPC,TOTAL MOT,kg,1173.16,kg,1173.16,1173.16,0,0.0,46760973.36,46760973.36,2018-07-01
2018,7,ZWE,Zimbabwe,X,Export,ZAF,South Africa,W00,World,710813,"Metals; gold, semi-manufactured",TOTAL CPC,TOTAL MOT,kg,1173.16,kg,1173.16,1173.16,0,0.0,46760973.36,46760973.36,2018-07-01
2018,8,ZWE,Zimbabwe,X,Export,ZAF,South Africa,W00,World,7108,"Gold (including gold plated with platinum) unwrought or in semi-manufactured forms, or in powder form",TOTAL CPC,TOTAL MOT,kg,1553.72,kg,1553.72,1553.72,0,0.0,60144322.68,60144322.68,2018-08-01
2018,8,ZWE,Zimbabwe,X,Export,ZAF,South Africa,W00,World,710813,"Metals; gold, semi-manufactured",TOTAL CPC,TOTAL MOT,kg,1553.72,kg,1553.72,1553.72,0,0.0,60144322.68,60144322.68,2018-08-01
2018,9,ZWE,Zimbabwe,X,Export,ZAF,South Africa,W00,World,7108,"Gold (including gold plated with platinum) unwrought or in semi-manufactured forms, or in powder form",TOTAL CPC,TOTAL MOT,kg,1246.92,kg,1246.92,1246.92,0,0.0,47935300.69,47935300.69,2018-09-01
2018,9,ZWE,Zimbabwe,X,Export,ZAF,South Africa,W00,World,710813,"Metals; gold, semi-manufactured",TOTAL CPC,TOTAL MOT,kg,1246.92,kg,1246.92,1246.92,0,0.0,47935300.69,47935300.69,2018-09-01
2018,10,ZWE,Zimbabwe,X,Export,ZAF,South Africa,W00,World,7108,"Gold (including gold plated with platinum) unwrought or in semi-manufactured forms, or in powder form",TOTAL CPC,TOTAL MOT,kg,974.8,kg,974.8,974.8,0,0.0,37804228.16,37804228.16,2018-10-01
2018,10,ZWE,Zimbabwe,X,Export,ZAF,South Africa,W00,World,710813,"Metals; gold, semi-manufactured",TOTAL CPC,TOTAL MOT,kg,974.8,kg,974.8,974.8,0,0.0,37804228.16,37804228.16,2018-10-01
2018,11,ZWE,Zimbabwe,X,Export,ZAF,South Africa,W00,World,7108,"Gold (including gold plated with platinum) unwrought or in semi-manufactured forms, or in powder form",TOTAL CPC,TOTAL MOT,kg,587.31,kg,587.31,587.31,0,0.0,22952943.77,22952943.77,2018-11-01
2018,11,ZWE,Zimbabwe,X,Export,ZAF,South Africa,W00,World,710813,"Metals; gold, semi-manufactured",TOTAL CPC,TOTAL MOT,kg,587.31,kg,587.31,587.31,0,0.0,22952943.77,22952943.77,2018-11-01
2018,12,ZWE,Zimbabwe,X,Export,ZAF,South Africa,W00,World,7108,"Gold (including gold plated with platinum) unwrought or in semi-manufactured forms, or in powder form",TOTAL CPC,TOTAL MOT,kg,892.59,g,87.0,892.59,0,0.0,35602196.21,35602196.21,2018-12-01
2018,12,ZWE,Zimbabwe,X,Export,ZAF,South Africa,W00,World,710813,"Metals; gold, semi-manufactured",TOTAL CPC,TOTAL MOT,kg,892.59,g,87.0,892.59,0,0.0,35602196.21,35602196.21,2018-12-01
2020,1,ZWE,Zimbabwe,X,Export,ZAF,South Africa,W00,World,7108,"Gold (including gold plated with platinum) unwrought or in semi-manufactured forms, or in powder form",TOTAL CPC,TOTAL MOT,kg,674.09,kg,674.09,674.09,0,0.0,33411071.87,33411071.87,2020-01-01
2020,1,ZWE,Zimbabwe,X,Export,ZAF,South Africa,W00,World,710813,"Metals; gold, semi-manufactured",TOTAL CPC,TOTAL MOT,kg,674.09,kg,674.09,674.09,0,0.0,33411071.87,33411071.87,2020-01-01
2020,2,ZWE,Zimbabwe,X,Export,ZAF,South Africa,W00,World,7108,"Gold (including gold plated with platinum) unwrought or in semi-manufactured forms, or in powder form",TOTAL CPC,TOTAL MOT,kg,369.23,kg,369.23,369.23,0,0.0,18740081.76,18740081.76,2020-02-01
2020,2,ZWE,Zimbabwe,X,Export,ZAF,South Africa,W00,World,710813,"Metals; gold, semi-manufactured",TOTAL CPC,TOTAL MOT,kg,369.23,kg,369.23,369.23,0,0.0,18740081.76,18740081.76,2020-02-01
2020,3,ZWE,Zimbabwe,X,Export,ZAF,South Africa,W00,World,7108,"Gold (including gold plated with platinum) unwrought or in semi-manufactured forms, or in powder form",TOTAL CPC,TOTAL MOT,kg,282.66,kg,282.66,282.66,0,0.0,13253397.99,13253397.99,2020-03-01
2020,3,ZWE,Zimbabwe,X,Export,ZAF,South Africa,W00,World,710813,"Metals; gold, semi-manufactured",TOTAL CPC,TOTAL MOT,kg,282.66,kg,282.66,282.66,0,0.0,13253397.99,13253397.99,2020-03-01
2020,5,ZWE,Zimbabwe,X,Export,ZAF,South Africa,W00,World,7108,"Gold (including gold plated with platinum) unwrought or in semi-manufactured forms, or in powder form",TOTAL CPC,TOTAL MOT,kg,92.61,kg,92.61,92.61,0,0.0,5091725.27,5091725.27,2020-05-01
2020,5,ZWE,Zimbabwe,X,Export,ZAF,South Africa,W00,World,710813,"Metals; gold, semi-manufactured",TOTAL CPC,TOTAL MOT,kg,92.61,kg,92.61,92.61,0,0.0,5091725.27,5091725.27,2020-05-01
2020,6,ZWE,Zimbabwe,X,Export,ZAF,South Africa,W00,World,7108,"Gold (including gold plated with platinum) unwrought or in semi-manufactured forms, or in powder form",TOTAL CPC,TOTAL MOT,kg,100.16,kg,100.16,100.16,0,0.0,4169070.28,4169070.28,2020-06-01
2020,6,ZWE,Zimbabwe,X,Export,ZAF,South Africa,W00,World,710813,"Metals; gold, semi-manufactured",TOTAL CPC,TOTAL MOT,kg,100.16,kg,100.16,100.16,0,0.0,4169070.28,4169070.28,2020-06-01
2020,7,ZWE,Zimbabwe,X,Export,ZAF,South Africa,W00,World,7108,"Gold (including gold plated with platinum) unwrought or in semi-manufactured forms, or in powder form",TOTAL CPC,TOTAL MOT,kg,165.67,kg,165.67,165.67,0,0.0,8781796.76,8781796.76,2020-07-01
2020,7,ZWE,Zimbabwe,X,Export,ZAF,South Africa,W00,World,710813,"Metals; gold, semi-manufactured",TOTAL CPC,TOTAL MOT,kg,165.67,kg,165.67,165.67,0,0.0,8781796.76,8781796.76,2020-07-01
2024,12,ZWE,Zimbabwe,X,Export,ZAF,South Africa,W00,World,710813,"Metals; gold, semi-manufactured",TOTAL CPC,TOTAL MOT,kg,63.817,g,63817.0,63.76,0,0.0,5482326.507,5482326.507,2024-12-01
2024,9,ZWE,Zimbabwe,X,Export,ZAF,South Africa,W00,World,7108,"Gold (including gold plated with platinum) unwrought or in semi-manufactured forms, or in powder form",TOTAL CPC,TOTAL MOT,kg,61.517,g,61517.0,61.45,0,0.0,4131678.992,4131678.992,2024-09-01
2024,9,ZWE,Zimbabwe,X,Export,ZAF,South Africa,W00,World,710813,"Metals; gold, semi-manufactured",TOTAL CPC,TOTAL MOT,kg,61.517,g,61517.0,61.45,0,0.0,4131678.992,4131678.992,2024-09-01
2024,10,ZWE,Zimbabwe,X,Export,ZAF,South Africa,W00,World,7108,"Gold (including gold plated with platinum) unwrought or in semi-manufactured forms, or in powder form",TOTAL CPC,TOTAL MOT,kg,148.761,g,148761.0,148.54,0,0.0,11480401.8,11480401.8,2024-10-01
2024,10,ZWE,Zimbabwe,X,Export,ZAF,South Africa,W00,World,710813,"Metals; gold, semi-manufactured",TOTAL CPC,TOTAL MOT,kg,148.761,g,148761.0,148.54,0,0.0,11480401.8,11480401.8,2024-10-01
2024,12,ZWE,Zimbabwe,X,Export,ZAF,South Africa,W00,World,7108,"Gold (including gold plated with platinum) unwrought or in semi-manufactured forms, or in powder form",TOTAL CPC,TOTAL MOT,kg,63.817,g,63817.0,63.76,0,0.0,5482326.507,5482326.507,2024-12-01
2024,10,ZWE,Zimbabwe,X,Export,ARE,United Arab Emirates,W00,World,7108,"Gold (including gold plated with platinum) unwrought or in semi-manufactured forms, or in powder form",TOTAL CPC,TOTAL MOT,kg,3407.2,g,3407200.0,3386.43,0,0.0,279569152.9,279569152.9,2024-10-01
2024,10,ZWE,Zimbabwe,X,Export,ARE,United Arab Emirates,W00,World,710813,"Metals; gold, semi-manufactured",TOTAL CPC,TOTAL MOT,kg,3407.2,g,3407200.0,3386.43,0,0.0,279569152.9,279569152.9,2024-10-01
2024,11,ZWE,Zimbabwe,X,Export,ARE,United Arab Emirates,W00,World,7108,"Gold (including gold plated with platinum) unwrought or in semi-manufactured forms, or in powder form",TOTAL CPC,TOTAL MOT,kg,4144.23,g,4144230.0,4129.39,0,0.0,359311714.2,359311714.2,2024-11-01
2024,11,ZWE,Zimbabwe,X,Export,ARE,United Arab Emirates,W00,World,710813,"Metals; gold, semi-manufactured",TOTAL CPC,TOTAL MOT,kg,4144.23,g,4144230.0,4129.39,0,0.0,359311714.2,359311714.2,2024-11-01
2024,12,ZWE,Zimbabwe,X,Export,ARE,United Arab Emirates,W00,World,7108,"Gold (including gold plated with platinum) unwrought or in semi-manufactured forms, or in powder form",TOTAL CPC,TOTAL MOT,kg,3509.57,g,3509570.0,3500.39,0,0.0,286397161.5,286397161.5,2024-12-01
2024,12,ZWE,Zimbabwe,X,Export,ARE,United Arab Emirates,W00,World,710813,"Metals; gold, semi-manufactured",TOTAL CPC,TOTAL MOT,kg,3509.57,g,3509570.0,3500.39,0,0.0,286397161.5,286397161.5,2024-12-01
2024,3,ZWE,Zimbabwe,X,Export,ARE,United Arab Emirates,W00,World,710813,"Metals; gold, semi-manufactured",TOTAL CPC,TOTAL MOT,kg,1800.89,g,1800890.0,1863.08,0,0.0,125808362.4,125808362.4,2024-03-01
2024,4,ZWE,Zimbabwe,X,Export,ARE,United Arab Emirates,W00,World,7108,"Gold (including gold plated with platinum) unwrought or in semi-manufactured forms, or in powder form",TOTAL CPC,TOTAL MOT,kg,1502.24,g,1502240.0,1498.01,0,0.0,107074538.7,107074538.7,2024-04-01
2024,4,ZWE,Zimbabwe,X,Export,ARE,United Arab Emirates,W00,World,710813,"Metals; gold, semi-manufactured",TOTAL CPC,TOTAL MOT,kg,1502.24,g,1502240.0,1498.01,0,0.0,107074538.7,107074538.7,2024-04-01
2024,5,ZWE,Zimbabwe,X,Export,ARE,United Arab Emirates,W00,World,7108,"Gold (including gold plated with platinum) unwrought or in semi-manufactured forms, or in powder form",TOTAL CPC,TOTAL MOT,kg,3206.78,g,3206780.0,3198.82,0,0.0,234315210.4,234315210.4,2024-05-01
2024,5,ZWE,Zimbabwe,X,Export,ARE,United Arab Emirates,W00,World,710813,"Metals; gold, semi-manufactured",TOTAL CPC,TOTAL MOT,kg,3206.78,g,3206780.0,3198.82,0,0.0,234315210.4,234315210.4,2024-05-01
2024,6,ZWE,Zimbabwe,X,Export,ARE,United Arab Emirates,W00,World,7108,"Gold (including gold plated with platinum) unwrought or in semi-manufactured forms, or in powder form",TOTAL CPC,TOTAL MOT,kg,2212.68,g,2212680.0,2204.55,0,0.0,159828763.6,159828763.6,2024-06-01
2024,6,ZWE,Zimbabwe,X,Export,ARE,United Arab Emirates,W00,World,710813,"Metals; gold, semi-manufactured",TOTAL CPC,TOTAL MOT,kg,2212.68,g,2212680.0,2204.55,0,0.0,159828763.6,159828763.6,2024-06-01
2024,7,ZWE,Zimbabwe,X,Export,ARE,United Arab Emirates,W00,World,7108,"Gold (including gold plated with platinum) unwrought or in semi-manufactured forms, or in powder form",TOTAL CPC,TOTAL MOT,kg,2519.85,g,2519850.0,2517.54,0,0.0,187777431.5,187777431.5,2024-07-01
2024,7,ZWE,Zimbabwe,X,Export,ARE,United Arab Emirates,W00,World,710813,"Metals; gold, semi-manufactured",TOTAL CPC,TOTAL MOT,kg,2519.85,g,2519850.0,2517.54,0,0.0,187777431.5,187777431.5,2024-07-01
2024,8,ZWE,Zimbabwe,X,Export,ARE,United Arab Emirates,W00,World,7108,"Gold (including gold plated with platinum) unwrought or in semi-manufactured forms, or in powder form",TOTAL CPC,TOTAL MOT,kg,3300.95,g,3300950.0,3292.13,0,0.0,251093770.9,251093770.9,2024-08-01
2024,8,ZWE,Zimbabwe,X,Export,ARE,United Arab Emirates,W00,World,710813,"Metals; gold, semi-manufactured",TOTAL CPC,TOTAL MOT,kg,3300.95,g,3300950.0,3292.13,0,0.0,251093770.9,251093770.9,2024-08-01
2024,9,ZWE,Zimbabwe,X,Export,ARE,United Arab Emirates,W00,World,7108,"Gold (including gold plated with platinum) unwrought or in semi-manufactured forms, or in powder form",TOTAL CPC,TOTAL MOT,kg,3345.69,g,3345690.0,3355.83,0,0.0,227005666.4,227005666.4,2024-09-01
2024,9,ZWE,Zimbabwe,X,Export,ARE,United Arab Emirates,W00,World,710813,"Metals; gold, semi-manufactured",TOTAL CPC,TOTAL MOT,kg,3345.69,g,3345690.0,3355.83,0,0.0,227005666.4,227005666.4,2024-09-01
2024,1,ZWE,Zimbabwe,X,Export,ARE,United Arab Emirates,W00,World,7108,"Gold (including gold plated with platinum) unwrought or in semi-manufactured forms, or in powder form",TOTAL CPC,TOTAL MOT,kg,1937.37,g,1937370.0,1931.69,0,0.0,119860298.2,119860298.2,2024-01-01
2024,1,ZWE,Zimbabwe,X,Export,ARE,United Arab Emirates,W00,World,710813,"Metals; gold, semi-manufactured",TOTAL CPC,TOTAL MOT,kg,1937.37,g,1937370.0,1931.69,0,0.0,119860298.2,119860298.2,2024-01-01
2024,2,ZWE,Zimbabwe,X,Export,ARE,United Arab Emirates,W00,World,7108,"Gold (including gold plated with platinum) unwrought or in semi-manufactured forms, or in powder form",TOTAL CPC,TOTAL MOT,kg,1990.81,g,1990810.0,1984.47,0,0.0,124827260.2,124827260.2,2024-02-01
2024,2,ZWE,Zimbabwe,X,Export,ARE,United Arab Emirates,W00,World,710813,"Metals; gold, semi-manufactured",TOTAL CPC,TOTAL MOT,kg,1990.81,g,1990810.0,1984.47,0,0.0,124827260.2,124827260.2,2024-02-01
2024,3,ZWE,Zimbabwe,X,Export,ARE,United Arab Emirates,W00,World,7108,"Gold (including gold plated with platinum) unwrought or in semi-manufactured forms, or in powder form",TOTAL CPC,TOTAL MOT,kg,1800.89,g,1800890.0,1863.08,0,0.0,125808362.4,125808362.4,2024-03-01
2025,1,ZWE,Zimbabwe,X,Export,ZAF,South Africa,W00,World,7108,"Gold (including gold plated with platinum) unwrought or in semi-manufactured forms, or in powder form",TOTAL CPC,TOTAL MOT,kg,96.452,g,96452.0,96.41,0,0.0,8304008.859,8304008.859,2025-01-01
2025,1,ZWE,Zimbabwe,X,Export,ZAF,South Africa,W00,World,710813,"Metals; gold, semi-manufactured",TOTAL CPC,TOTAL MOT,kg,96.452,g,96452.0,96.41,0,0.0,8304008.859,8304008.859,2025-01-01
2025,1,ZWE,Zimbabwe,X,Export,ARE,United Arab Emirates,W00,World,7108,"Gold (including gold plated with platinum) unwrought or in semi-manufactured forms, or in powder form",TOTAL CPC,TOTAL MOT,kg,3423.72,g,3423720.0,3350.77,0,0.0,278950844.1,278950844.1,2025-01-01
2025,1,ZWE,Zimbabwe,X,Export,ARE,United Arab Emirates,W00,World,710813,"Metals; gold, semi-manufactured",TOTAL CPC,TOTAL MOT,kg,3423.72,g,3423720.0,3350.77,0,0.0,278950844.1,278950844.1,2025-01-01
